<?xml version="1.0" encoding="utf-8" ?>
<SASroot>
 <SASentry>
  <SASdata>
   <Idata><Q_A-1>  0.000E+00 </Q_A-1><I_cm-1>  0.0000E+00 </I_cm-1><Idev_cm-1>  0.000E+00 </Idev_cm-1><Qdev_A-1>  0.00E+00 </Qdev_A-1></Idata>
   <Idata><Q_A-1>  3.080E-04 </Q_A-1><I_cm-1>  0.0000E+00 </I_cm-1><Idev_cm-1>  0.000E+00 </Idev_cm-1><Qdev_A-1>  2.69E-04 </Qdev_A-1></Idata>
   <Idata><Q_A-1>  6.160E-04 </Q_A-1><I_cm-1>  0.0000E+00 </I_cm-1><Idev_cm-1>  0.000E+00 </Idev_cm-1><Qdev_A-1>  2.74E-04 </Qdev_A-1></Idata>
   <Idata><Q_A-1>  9.240E-04 </Q_A-1><I_cm-1>  0.0000E+00 </I_cm-1><Idev_cm-1>  0.000E+00 </Idev_cm-1><Qdev_A-1>  2.83E-04 </Qdev_A-1></Idata>
   <Idata><Q_A-1>  1.232E-03 </Q_A-1><I_cm-1>  0.0000E+00 </I_cm-1><Idev_cm-1>  0.000E+00 </Idev_cm-1><Qdev_A-1>  2.94E-04 </Qdev_A-1></Idata>
   <Idata><Q_A-1>  1.600E-03 </Q_A-1><I_cm-1>  1.5812E+01 </I_cm-1><Idev_cm-1>  3.039E+00 </Idev_cm-1><Qdev_A-1>  3.11E-04 </Qdev_A-1></Idata>
   <Idata><Q_A-1>  1.894E-03 </Q_A-1><I_cm-1>  1.1872E+01 </I_cm-1><Idev_cm-1>  1.307E+00 </Idev_cm-1><Qdev_A-1>  3.28E-04 </Qdev_A-1></Idata>
   <Idata><Q_A-1>  2.180E-03 </Q_A-1><I_cm-1>  9.8439E+00 </I_cm-1><Idev_cm-1>  8.075E-01 </Idev_cm-1><Qdev_A-1>  3.45E-04 </Qdev_A-1></Idata>
   <Idata><Q_A-1>  2.468E-03 </Q_A-1><I_cm-1>  8.5921E+00 </I_cm-1><Idev_cm-1>  5.886E-01 </Idev_cm-1><Qdev_A-1>  3.64E-04 </Qdev_A-1></Idata>
   <Idata><Q_A-1>  2.791E-03 </Q_A-1><I_cm-1>  7.4896E+00 </I_cm-1><Idev_cm-1>  4.126E-01 </Idev_cm-1><Qdev_A-1>  3.86E-04 </Qdev_A-1></Idata>
   <Idata><Q_A-1>  3.117E-03 </Q_A-1><I_cm-1>  6.9557E+00 </I_cm-1><Idev_cm-1>  4.056E-01 </Idev_cm-1><Qdev_A-1>  4.11E-04 </Qdev_A-1></Idata>
   <Idata><Q_A-1>  3.409E-03 </Q_A-1><I_cm-1>  6.5330E+00 </I_cm-1><Idev_cm-1>  3.200E-01 </Idev_cm-1><Qdev_A-1>  4.33E-04 </Qdev_A-1></Idata>
   <Idata><Q_A-1>  3.706E-03 </Q_A-1><I_cm-1>  6.0830E+00 </I_cm-1><Idev_cm-1>  3.078E-01 </Idev_cm-1><Qdev_A-1>  4.57E-04 </Qdev_A-1></Idata>
   <Idata><Q_A-1>  4.012E-03 </Q_A-1><I_cm-1>  5.6241E+00 </I_cm-1><Idev_cm-1>  2.559E-01 </Idev_cm-1><Qdev_A-1>  4.82E-04 </Qdev_A-1></Idata>
   <Idata><Q_A-1>  4.327E-03 </Q_A-1><I_cm-1>  5.5169E+00 </I_cm-1><Idev_cm-1>  2.448E-01 </Idev_cm-1><Qdev_A-1>  5.09E-04 </Qdev_A-1></Idata>
   <Idata><Q_A-1>  4.620E-03 </Q_A-1><I_cm-1>  5.3790E+00 </I_cm-1><Idev_cm-1>  2.410E-01 </Idev_cm-1><Qdev_A-1>  5.34E-04 </Qdev_A-1></Idata>
   <Idata><Q_A-1>  4.930E-03 </Q_A-1><I_cm-1>  5.0237E+00 </I_cm-1><Idev_cm-1>  2.030E-01 </Idev_cm-1><Qdev_A-1>  5.61E-04 </Qdev_A-1></Idata>
   <Idata><Q_A-1>  5.260E-03 </Q_A-1><I_cm-1>  5.0313E+00 </I_cm-1><Idev_cm-1>  2.007E-01 </Idev_cm-1><Qdev_A-1>  5.90E-04 </Qdev_A-1></Idata>
   <Idata><Q_A-1>  5.574E-03 </Q_A-1><I_cm-1>  4.7742E+00 </I_cm-1><Idev_cm-1>  1.909E-01 </Idev_cm-1><Qdev_A-1>  6.18E-04 </Qdev_A-1></Idata>
   <Idata><Q_A-1>  5.873E-03 </Q_A-1><I_cm-1>  4.7942E+00 </I_cm-1><Idev_cm-1>  1.875E-01 </Idev_cm-1><Qdev_A-1>  6.45E-04 </Qdev_A-1></Idata>
   <Idata><Q_A-1>  6.162E-03 </Q_A-1><I_cm-1>  4.6704E+00 </I_cm-1><Idev_cm-1>  1.907E-01 </Idev_cm-1><Qdev_A-1>  6.72E-04 </Qdev_A-1></Idata>
   <Idata><Q_A-1>  6.466E-03 </Q_A-1><I_cm-1>  4.4918E+00 </I_cm-1><Idev_cm-1>  1.657E-01 </Idev_cm-1><Qdev_A-1>  7.00E-04 </Qdev_A-1></Idata>
   <Idata><Q_A-1>  6.789E-03 </Q_A-1><I_cm-1>  4.3513E+00 </I_cm-1><Idev_cm-1>  1.721E-01 </Idev_cm-1><Qdev_A-1>  7.30E-04 </Qdev_A-1></Idata>
   <Idata><Q_A-1>  7.098E-03 </Q_A-1><I_cm-1>  4.5323E+00 </I_cm-1><Idev_cm-1>  1.640E-01 </Idev_cm-1><Qdev_A-1>  7.58E-04 </Qdev_A-1></Idata>
   <Idata><Q_A-1>  7.397E-03 </Q_A-1><I_cm-1>  4.3526E+00 </I_cm-1><Idev_cm-1>  1.640E-01 </Idev_cm-1><Qdev_A-1>  7.87E-04 </Qdev_A-1></Idata>
   <Idata><Q_A-1>  7.712E-03 </Q_A-1><I_cm-1>  4.2177E+00 </I_cm-1><Idev_cm-1>  1.488E-01 </Idev_cm-1><Qdev_A-1>  8.16E-04 </Qdev_A-1></Idata>
   <Idata><Q_A-1>  8.026E-03 </Q_A-1><I_cm-1>  4.3906E+00 </I_cm-1><Idev_cm-1>  1.518E-01 </Idev_cm-1><Qdev_A-1>  8.46E-04 </Qdev_A-1></Idata>
   <Idata><Q_A-1>  8.329E-03 </Q_A-1><I_cm-1>  4.1846E+00 </I_cm-1><Idev_cm-1>  1.536E-01 </Idev_cm-1><Qdev_A-1>  8.75E-04 </Qdev_A-1></Idata>
   <Idata><Q_A-1>  8.633E-03 </Q_A-1><I_cm-1>  3.9046E+00 </I_cm-1><Idev_cm-1>  1.404E-01 </Idev_cm-1><Qdev_A-1>  9.04E-04 </Qdev_A-1></Idata>
   <Idata><Q_A-1>  8.937E-03 </Q_A-1><I_cm-1>  3.9878E+00 </I_cm-1><Idev_cm-1>  1.536E-01 </Idev_cm-1><Qdev_A-1>  9.33E-04 </Qdev_A-1></Idata>
   <Idata><Q_A-1>  9.248E-03 </Q_A-1><I_cm-1>  3.9589E+00 </I_cm-1><Idev_cm-1>  1.418E-01 </Idev_cm-1><Qdev_A-1>  9.63E-04 </Qdev_A-1></Idata>
   <Idata><Q_A-1>  9.558E-03 </Q_A-1><I_cm-1>  3.8673E+00 </I_cm-1><Idev_cm-1>  1.526E-01 </Idev_cm-1><Qdev_A-1>  9.92E-04 </Qdev_A-1></Idata>
   <Idata><Q_A-1>  9.853E-03 </Q_A-1><I_cm-1>  3.7280E+00 </I_cm-1><Idev_cm-1>  1.661E-01 </Idev_cm-1><Qdev_A-1>  1.02E-03 </Qdev_A-1></Idata>
   <Idata><Q_A-1>  1.015E-02 </Q_A-1><I_cm-1>  3.5012E+00 </I_cm-1><Idev_cm-1>  1.691E-01 </Idev_cm-1><Qdev_A-1>  1.05E-03 </Qdev_A-1></Idata>
   <Idata><Q_A-1>  1.046E-02 </Q_A-1><I_cm-1>  3.5626E+00 </I_cm-1><Idev_cm-1>  1.868E-01 </Idev_cm-1><Qdev_A-1>  1.08E-03 </Qdev_A-1></Idata>
   <Idata><Q_A-1>  1.079E-02 </Q_A-1><I_cm-1>  3.7425E+00 </I_cm-1><Idev_cm-1>  2.441E-01 </Idev_cm-1><Qdev_A-1>  1.11E-03 </Qdev_A-1></Idata>
   <Idata><Q_A-1>  1.109E-02 </Q_A-1><I_cm-1>  3.7017E+00 </I_cm-1><Idev_cm-1>  2.722E-01 </Idev_cm-1><Qdev_A-1>  1.14E-03 </Qdev_A-1></Idata>
   <Idata><Q_A-1>  1.139E-02 </Q_A-1><I_cm-1>  3.7811E+00 </I_cm-1><Idev_cm-1>  3.027E-01 </Idev_cm-1><Qdev_A-1>  1.17E-03 </Qdev_A-1></Idata>
   <Idata><Q_A-1>  1.163E-02 </Q_A-1><I_cm-1>  3.6283E+00 </I_cm-1><Idev_cm-1>  5.196E-01 </Idev_cm-1><Qdev_A-1>  1.19E-03 </Qdev_A-1></Idata>
</SASdata>
<Title>2A 5mM 0%D2O        </Title>
<Source_file>"g013597.001"</Source_file>
<Flux_monitor>      1.00</Flux_monitor>
<Count_time_secs>  3600.000</Count_time_secs>
<Q_resolution>"estimated"</Q_resolution>
<SASsample>
<sample_temperature>     0.0000 </sample_temperature>
<sample_offset_angle_deg>      0.020 </sample_offset_angle_deg>
<sample_x_mm>   10.00 </sample_x_mm>
<sample_y_mm>    0.00 </sample_y_mm>
<sample_transmission>   0.0000 </sample_transmission>
<sample_thickness_mm>    0.00 </sample_thickness_mm>
</SASsample>
<SASinstrument name="D11 " > 
<SASsource>
<radiation>  neutron  </radiation>
<beam_x_mm>   30.00 </beam_x_mm>
<beam_y_mm>    0.00 </beam_y_mm>
<wavelength_A>    6.00 </wavelength_A>
<wavelength_spread>    0.00 </wavelength_spread>
</SASsource>
<SAScollimation>
<distance_coll_m>   34.000 </distance_coll_m>
</SAScollimation>
<SASdetector>
<offset_angle_deg>    0.00 </offset_angle_deg>
<x0_mm>  320.00 </x0_mm>
<y0_mm>  290.00 </y0_mm>
<distance_SD_m>    34.000 </distance_SD_m>
<pixel_x_mm>   10.00 </pixel_x_mm>
<pixel_y_mm>   10.00 </pixel_y_mm>
</SASdetector>
</SASinstrument>
<SASprocess name="spol" >
<date> 04-Sep-2007 18:35:02 </date>
<radialstep_mm>  10.000 </radialstep_mm>
<sector_width_deg>  180.0 </sector_width_deg>
<sector_orient_deg>     0.0 </sector_orient_deg>
<SASnote_01>  AvA1 0.0000E+00 AsA2 1.0000E+00 XvA3 1.0526E+03 XsA4 5.2200E-02 XfA5 0.0000E+00 </SASnote_01>
<SASnote_02> S... 13597  0  2.26E+02 2A 5mM 0%D2O    Sbak 13594  0  1.13E+02 H2O Buffer       </SASnote_02>
<SASnote_03> V... 13552  3  1.00E+00 H2O5m                                                    </SASnote_03>
<SASnote_04>                                                                                  </SASnote_04>
</SASprocess>
</SASentry>
</SASroot>
